{"f1_score": 0.7951807228915662, "recall": 0.7021276595744681, "precision": 0.9166666666666666, "accuracy": 0.8111111111111111}