{"f1_score": 0.75, "recall": 0.6382978723404256, "precision": 0.9090909090909091, "accuracy": 0.7777777777777778}